{"schemaVersion":"1.0","appDefinitionTemplate":{"id":"/providers/Microsoft.PowerApps/apps/","type":"Microsoft.PowerApps/apps","tags":{"primaryDeviceWidth":"1366","primaryDeviceHeight":"768","sienaVersion":"20220131T044432Z-3.21124.16.0","deviceCapabilities":"webcam","supportsPortrait":"true","supportsLandscape":"true","primaryFormFactor":"Tablet","publisherVersion":"3.21124.16","minimumRequiredApiVersion":"2.2.0","hasComponent":"true","hasUnlockedComponent":"true","isUnifiedRootApp":"false"},"properties":{"appVersion":"2022-01-31T04:44:32Z","lifeCycleId":"Published","createdByClientVersion":{"major":3,"minor":21124,"build":16,"revision":0,"majorRevision":0,"minorRevision":0},"minClientVersion":{"major":3,"minor":21124,"build":16,"revision":0,"majorRevision":0,"minorRevision":0},"backgroundColor":"RGBA(0,176,240,1)","backgroundImageUri":"/5061909977324346958/N928a6b13-5880-4082-9865-eaeab48f09fd-logoSmallFile","displayName":"MiniProject-EmployeeInfo","description":"Basic Structure built and functions implemented but lots of bugs","commitMessage":"","appUris":{"documentUri":{"value":"/5061909977324346958/Nc08badef-0752-475c-853c-e641c62a03ba-document.msapp"},"imageUris":[]},"createdTime":"0001-01-01T00:00:00Z","lastModifiedTime":"0001-01-01T00:00:00Z","sharedGroupsCount":0,"sharedUsersCount":0,"icons":{"smallIconUri":"/5061909977324346958/N90ee381b-1452-4356-8c50-ce08338e8de1-small.png","mediumIconUri":"/5061909977324346958/N2f770a93-06d1-4d12-b9bf-81a0576e1e31-medium.png","largeIconUri":"/5061909977324346958/N8033ee84-3f11-4f11-8dcb-171500cbe0f5-large.png","wideIconUri":"/5061909977324346958/Ncb499fb8-488a-4623-9ad7-2ba730d21249-wide.png"},"connectionReferences":{"cf6fb384-a9f7-46e8-8949-f608b0e171e9":{"id":"f7468950-3ea6-442e-8c12-55a2e5bcb8c7","displayName":"Outlook.com","iconUri":"https://connectoricons-prod.azureedge.net/releases/v1.0.1544/1.0.1544.2640/outlook/icon.png","dataSources":["Outlook.com"],"dependencies":[],"dependents":[],"parameterHints":{},"parameterHintsV2":{},"isOnPremiseConnection":false,"bypassConsent":false,"dataSets":{},"apiTier":"Standard","isCustomApiConnection":false,"actions":["SendEmail"]},"283b2718-0281-491f-96d2-00d60f9a6270":{"id":"75d3f954-e9cf-4e35-a5cc-e6a38d9c68d5","displayName":"SharePoint","iconUri":"https://connectoricons-prod.azureedge.net/releases/v1.0.1546/1.0.1546.2667/sharepointonline/icon.png","dataSources":["Admin Info"],"dependencies":[],"dependents":[],"parameterHints":{},"parameterHintsV2":{},"isOnPremiseConnection":false,"bypassConsent":false,"dataSets":{"https://revoffice.sharepoint.com/sites/Reva":{"dataSources":{"Admin Info":{"tableName":"885bb844-1301-4bfe-bd19-b5d496acc118"}}}},"apiTier":"Standard","isCustomApiConnection":false,"actions":["providers/PowerPlatform.Governance/Operations/Read","providers/PowerPlatform.Governance/Operations/Write"]},"c0055462-1f91-45a2-8787-a8e5a44b5fb9":{"id":"75d3f954-e9cf-4e35-a5cc-e6a38d9c68d5","displayName":"SharePoint","iconUri":"https://connectoricons-prod.azureedge.net/releases/v1.0.1546/1.0.1546.2667/sharepointonline/icon.png","dataSources":["EmployeeInfo","Time Off","LeavesAppliedByUsers"],"dependencies":[],"dependents":[],"parameterHints":{},"parameterHintsV2":{},"isOnPremiseConnection":false,"bypassConsent":false,"dataSets":{"https://revoffice.sharepoint.com/sites/Reva":{"dataSources":{"EmployeeInfo":{"tableName":"7d020c72-17fd-499e-95e5-530c5c45b786"},"Time Off":{"tableName":"ea69ebcd-b12e-458c-922f-6e44d3b35c4f"},"LeavesAppliedByUsers":{"tableName":"b0c74b78-92d0-466d-8c9a-9c01a06780fe"}}}},"apiTier":"Standard","isCustomApiConnection":false,"actions":["providers/PowerPlatform.Governance/Operations/Read","providers/PowerPlatform.Governance/Operations/Write"]}},"databaseReferences":{},"almMode":"Environment","performanceOptimizationEnabled":true,"canConsumeAppPass":true,"executionRestrictions":{"isTeamsOnly":false,"dataLossPreventionEvaluationResult":{"status":"Compliant","lastEvaluationDate":"2022-01-15T03:38:23.9147509Z","violations":[],"violationsByPolicy":[],"violationErrorMessage":"The app uses the following connectors: shared_sharepointonline."}}},"appType":"ClassicCanvasApp","appComponents":[]}}